label,cluster
Cleanliness,28
Mecha,29
Veterans Day,33
Garden buildings,37
Ingredient,10
Pink,15
Community,39
Driving,13
Hut,35
Sports Fan Jersey,12
Stunt,41
Event,39
Mouth,3
Leather jacket,12
Weight training,27
Cake decorating,19
Pipe,26
Hill station,11
Winter,33
Kennel club,35
Iron Man,16
Happiness,2
Natural material,18
Trunk,13
Electronics,49
Horse,21
Multimedia,49
Clip art,7
Star,14
Theatre,2
Sea,20
Intersection,29
Tea,29
Fender,5
Thorax,42
Acting,2
List of nonbuilding structure types,37
Lips,3
Trifle,3
Uniform,22
Shack,35
Protective gear in sports,45
Family reunion,35
Vegetable,10
Bicycle,8
Captain America,16
Shed,37
Craft,7
Crop,10
City car,13
Sleeve,12
Coffee,29
Home Door,35
Lens,6
Fast food,10
Kitchen utensil,10
Foot,22
Football helmet,44
Hairstyle,23
Output device,34
Sleeveless shirt,12
Insect,38
Pest,38
Helmet,44
White,15
Nail,36
Writing implement,7
Darkness,4
Cook,10
Sports venue,30
Labradoodle,24
Father's Day,33
Zombie,31
Toyota Estima,13
Rolling stock,46
Paper Product,7
Concept car,13
Footwear,22
Cricket cap,29
Facial expression,31
Machine,49
Christmas Day,33
Halter,16
Goggles,44
Sport utility vehicle,13
Bicycle frame,8
Barefoot,22
Fur,1
Comet,14
Helicopter Pilot,47
Infant,9
Debate,2
Soil,18
Headphones,5
Log cabin,17
Convention,2
Electronic signage,7
Head restraint,44
Demon,17
Throat,3
Ski Equipment,46
Mineral,26
Sandwich cookie,17
Toddler,9
Display device,34
Face,3
Individual sport,45
Automotive lighting,4
Eye shadow,4
Neon,15
Overpass,35
Sunrise,33
Youth,2
Shopping,2
Businessperson,16
Kit car,13
Wild carrot,3
Horse tack,28
Photobombing,6
High-rise building,37
Natural foods,25
Eating,10
Pebble,9
Pizza cheese,48
Computer,49
Kitten,38
Hybrid vehicle,13
Audience,2
Artificial nails,36
Fixed-wing aircraft,47
Beak,38
Condiment,10
Cousin,9
Collage,18
Jet aircraft,47
Persian cat,38
Golden Retriever,24
Broadcasting,2
Guitarist,5
Hardwood,18
Muscle,27
Automotive Tire,8
Sun hat,44
Leutor,38
Eyebrow,23
Daybed,33
Fur clothing,1
Eye,3
Ring binder,36
Plastic bottle,43
Text,49
Box,9
Bumper,3
Smoke,40
Lingerie Top,19
Flower Arranging,19
Shorts,22
PC game,39
Social group,39
Boot,22
Horse Supplies,46
Horse trainer,27
Flat-panel display,4
Honeymoon,2
Auto mechanic,13
Patient,39
Plank,20
Photo caption,6
Rein,39
Nail polish,36
Justice League,16
Wig,23
Facial hair,23
Money,2
Stationery,7
Tyrannosaurus,38
Plush,9
Pack animal,21
Jheri curl,17
Physical fitness,27
Go-go dancing,5
Ball,45
Clay,18
Garage,13
Beach,20
Drawing,7
Mollusca,38
Polar bear,42
Jaw,3
Cartoon,9
Earring,5
Ice cap,29
Wonder Woman,16
Household Cleaning Supply,46
Stadium,30
Mythology,2
Formal wear,19
Nightclub,35
Science,2
Crop top,6
Cumulus,42
Erosion,11
Office Instrument,5
Whiskers,28
Fin,36
Motorsport,13
Racing,45
Spring break,33
Dreadlocks,28
Choreography,5
Heat,39
Water bottle,43
Sunset,33
Fried food,10
Notebook,49
Bride,19
Telephony,34
Mining,18
Chordophone,5
Fedora,38
Baby & Toddler Clothing,19
Mug,29
Motor vehicle,13
Duck meat,25
Headgear,44
Military Officer,16
Album,5
Laptop,49
Fissure vent,26
Gift,9
Agriculture,10
Hip-hop dance,5
Cross-country skiing,45
Aerospace manufacturer,47
Jersey,35
Horn,5
Sports,45
Ghost,31
Steel,28
Curtained hair,23
competition event,45
Rapper,16
Security guard,16
Performance car,13
Body Jewelry,19
Cheering,31
Player,39
equestrian sport,45
Hug,31
Car,13
Cosmetics,44
Pop music,5
Animal training,21
Animal product,21
Purple,15
Vikings,42
Travel,2
Communication Device,34
Monochrome,15
Packaging and labeling,7
Hand,36
Roof,37
Cash,43
Sports sedan,13
Flesh,3
Collision,39
Junk food,10
Mixture,26
Sneakers,22
Full-size car,13
Lion,38
Toyota,13
Collar,24
Superfood,10
Toe,36
Fighter aircraft,47
Supervillain,16
Garnish,18
Fashion Model,19
Rebellion,2
Animal sports,45
Human back,27
Child art,7
Screaming,31
Hair,23
Hay,17
Eyelash extensions,23
Selfie,6
Shaving,23
Aircraft,47
Tire,8
Coffee table,29
Internet meme,49
Classical architecture,37
Soft drink,43
Calf,27
Army,16
Single-lens reflex camera,6
Teacup,29
Gadget,49
Bikini,20
Batman,16
Volcanic plug,26
Musical,5
Luggage & bags,28
Bridge,39
Military aircraft,47
Bavarian cream,17
Culinary arts,25
Mud,11
Executive car,13
Galaxy,14
Vacation,33
Finger food,10
Hatchback,13
Summer,33
Carpenter ant,18
Artificial hair integrations,23
Football--Equipment and supplies,46
Linens,19
Fractal art,7
Album cover,12
Fire,39
Fashion,19
Sugar cake,17
Publication,7
Swimsuit,12
Shoulder,12
Nut,3
Couch,18
American cuisine,25
Party,39
Automotive Wheel System,8
Bird,38
Baby toys,9
Mask,44
Music,5
Toy dog,24
Car seat,13
Pizza,10
geological phenomenon,11
Savanna,38
Dome,35
Stunt Performer,41
Alps,11
Acoustic guitar,5
Customer,39
Day Dress,19
Talent show,5
Christmas Eve,33
Number,39
Residential area,35
Poodle crossbreed,24
Lighting,4
Cup,29
Hospital,35
Olympic weightlifting,27
Astronomy,14
Moustache,3
Yoga,27
Antler,9
Mountain range,11
British Shorthair,23
Night,33
Gannets,4
Bun,17
Blue,15
Police,39
Underwater sports,20
Food craving,10
Cream,17
Red,15
Volcanic landform,11
House,35
Song,5
Bear,42
Motorcycle,13
Soccer player,45
Dinosaur,38
Orange,15
Steppe,11
College softball,45
Aluminium,28
Shoe store,22
Waist,27
Propeller-driven aircraft,47
Peripheral,34
Landscape lighting,4
Veil,44
Lingerie,19
Dirt road,11
Terrestrial animal,21
Field,30
Championship,39
Meat,25
Icing,10
Stuffed toy,9
Combat sport,45
Reflex camera,6
One-piece garment,19
Superhero,16
Office Equipment,46
Photo shoot,6
Outdoor recreation,37
Geological formation,11
Chicken,25
Swimming pool,20
CG artwork,0
Flag of the United States,36
Recipe,10
Active Undergarment,28
Baking,10
News conference,2
Cheese,48
Drinkware,43
Summit,11
Game,39
Robot,9
Long-sleeved T-shirt,12
Snout,38
Pixie cut,32
Black hair,23
Pleased,3
Walking Shoe,22
Marriage,2
Suit,12
Hair removal,23
Transformers,4
Pug,0
Polar ice cap,29
Automotive Exterior,13
Panthera,38
Bengal cat,24
Traffic congestion,13
Blond,23
Shopping mall,35
Bob cut,32
Professional fitness coach,27
Powder,26
Dog sports,45
Personal computer,49
Volcano,11
Organization,39
Moonlight,4
Input device,34
Dress shirt,19
BMW,13
Costume Hat,44
Vintage clothing,19
Candy,9
Chartreux,7
Marine biology,20
Power tool,46
Outdoor Shoe,22
Dog,24
Strapless dress,19
Furniture,18
Provolone,48
Neon sign,15
Wildfire,39
Storm,40
Playing in the snow,45
Comedy,2
Kettlebell,27
Weights,27
Metropolis,35
Velociraptor,38
Cloud,49
Meteorological phenomenon,40
Mount Scenery,11
Recreation,2
Roman temple,35
Ranch,25
Laser,4
Photograph,6
Flag,36
Taste,3
Lap,13
Nail Care,36
Wheel,8
Kick scooter,41
Font,15
Divemaster,20
Wrestling,2
Cottage,35
Alcoholic drink,43
Diving mask,44
Navel,28
Earthquake,40
Biscuit,17
Guru,16
Lipstick,44
Agricultural machinery,46
Banner,39
Milling,18
Lighter,4
Grilling,10
Necklace,28
Asian Semi-longhair,23
Universe,14
Laser pointer,6
No expression,31
Venom,38
Sushi,10
Processed cheese,48
Job,2
Action figure,41
Paper,7
Glasses,6
Woody plant,18
Yoda,17
Turducken,17
Hill,11
Smartphone,34
Chocolate,10
Lens flare,6
String instrument,5
Jumping,41
Cylinder,26
Sunglasses,44
Bengal tiger,24
Training,27
Musical ensemble,5
Model aircraft,47
Smile,3
Alloy wheel,8
Electricity,4
Road,13
Street dog,24
Wrinkle,28
Computer monitor,49
Canadian cuisine,25
Conversation,2
Plant stem,30
Compact van,13
Active Tank,26
Beanie,17
Ocean,20
Pet Supply,21
Tableware,49
Siberian Tiger,42
Fell,31
Fondant icing,10
Suburb,35
Mobile home,34
Fashion design,19
Pokémon,39
Musical instrument,5
Plus-size model,7
Bridle,29
Wood,18
Porch,37
Lightning,4
Speech,31
Sugar paste,10
Book cover,12
Government,2
Conformation show,7
Cake Decorating Supply,19
Interview,2
Coffee cup,29
Plantation,18
Shirt,12
Sorrel,29
Barbell,27
Metalworking,46
Avengers,16
Leisure,2
Black and white,15
Goal,39
Water dog,24
Winter sports,45
Toy,9
Prince,39
Twig,38
Personal protective equipment,46
Bridal Clothing,19
Retriever,24
Briefs,22
Sibling,9
Step cutting,32
Tower,35
Sportswear,22
Homemaking,49
Diving equipment,46
Knit cap,29
Active Pants,22
Airliner,47
Little black dress,19
Holiday,33
Pen,36
Freezing,31
Video Game Software,49
Label,7
Stallion,24
Family,2
Ringlet,36
Body of water,20
Rabbit,9
Light aircraft,47
Website,49
Metalworking hand tool,36
Leather,28
Crescent,35
Baseball cap,29
Chewbacca,38
Strength training,27
Headpiece,44
Parasitism,41
Audio equipment,46
Long hair,23
Luxury vehicle,13
Tundra,42
Denim,12
Bridal Veil,19
Crew,39
Snow,42
Microphone stand,5
Lizard,38
Costume,19
Auto racing,13
Bicycle tire,8
Produce,10
Welsh Corgi,24
Evening,33
Silver,15
Silhouette,44
Poodle,24
Dog Supply,1
Tournament,45
Thigh,27
Liquid,26
Public event,39
Glass bottle,43
Rural area,35
Staple food,25
Sitting,18
Elbow,36
Street stunts,41
Animated cartoon,9
Swimming,20
Reptile,38
Animation,41
Honda Motor Company,13
Meteoroid,14
Massif,11
Breakfast cereal,10
Cookies and Crackers,17
Fiction,2
Coastal and oceanic landforms,20
Advertising,2
Spokesperson,16
Obedience training,27
Ribbon,3
Glitter,15
Personal care,2
Breakfast,10
Deadpool,16
Line art,7
Acrobatics,41
Snowman,16
Light fixture,4
Logo,15
Root,3
Land vehicle,13
Afro,15
Turban,35
Television show,2
Hazard,39
Engineering,18
Mascot,38
Paw,24
Traffic,13
Gastropods,38
Compost,18
Thunder,40
Midnight,33
Toffee,29
Buzz cut,32
Knee,27
Automotive Mirror,13
Explosion,31
Canidae,38
Tiger,38
Sports equipment,46
Prairie,35
Smiley,3
LEGO,9
Drilling,3
Subcompact car,13
Plucked string instrument,5
Machine tool,49
Outerwear,28
Field house,30
Rock concert,5
Sprint football,45
Sleep,33
Flashlight,4
Glass,43
Swimsuit Top,12
Ant,38
Jewellery,28
Shore,20
Public address system,34
People in nature,37
Red sky at morning,33
Body piercing,36
Hero,16
Currency,43
Cat,38
Drill,3
Hoodie,12
Dusk,33
Gesture,36
Adventure,2
Houseplant,18
Carrot,3
Hood,12
Wedding dress,19
Romance,2
Crew cut,32
Bat-and-ball games,45
Drinking,43
Recording,5
Protective equipment in gridiron football,45
Watch,39
Clay animation,11
Electrical cable,4
Graphics,7
Feathered hair,23
Pembroke Welsh Corgi,24
Root Vegetables,25
Working animal,21
Owl,38
Office supplies,46
Bicycle Wheel Rim,8
Studio,5
Freestyle skiing,45
Extreme sport,45
Astronaut,16
Bodybuilding,27
Desktop computer,49
Palm trees,18
Dance,5
Chinese martial arts,27
Rare dog breed,24
Headset,34
Types of volcanic eruptions,11
Curtain,44
Bag,28
Plaid,15
Mukimono,42
Van,13
Felidae,38
Column,30
Forehead,44
Speaker,5
Military Person,16
Brown hair,23
Courthouse,35
Nebula,14
Flame,39
Skateboard,18
Lane,13
Disco,5
Fish,20
People,39
Hard hat,44
Tread,11
Barbecue,25
Cookie,17
Street sports,45
High-speed rail,46
Rubble,11
Model car,13
Screenshot,39
Hair coloring,23
Team,39
Leggings,22
Alcohol,43
Neighbourhood,35
Rail transport,13
Jockey,29
Barechestedness,28
Family pictures,6
Money Handling,43
Fun,2
Diving regulator,20
Graphic design,7
Underwater diving,20
Contact sport,45
Roasting,10
Race track,13
Celebrating,2
Sports bra,12
Cereal,10
Mountainous landforms,11
Haute couture,19
Book,2
Flag Day,33
Team sport,45
Sandwich,10
Professional Wrestler,16
Retail,22
Sinkhole,3
Tongue,3
Stomach,27
Scaled reptiles,38
Ceremony,2
Windshield,40
Cap,29
National park,42
Arctic,42
Entertainment,2
Active Shirt,12
Fan,39
Hearing,5
Felinae,38
Hat,44
Track,13
Musician,5
Asphalt,28
Bottle,43
Cork,43
Nose,3
Dress,19
Aircraft pilot,47
Garden,37
Goth subculture,19
Turkey meat,25
Living room,35
Car door,13
Soccer ball,45
Custom car,13
Road trip,13
Artificial turf,30
Precipitation,26
Action,41
Carnivores,38
S-Curl,23
Spiral,40
Skyline,35
Cameras & optics,6
Dollar,43
Highland,35
Friendship,39
Drama,2
Sphere,14
Exercise equipment,46
Mobile device,34
Tropics,11
Ciambella,38
Livestock,21
Ski,11
Circuit training,27
Nickel,36
Gridiron football,45
Bridal Party Dress,19
Spacecraft,14
Tattoo,36
Musical theatre,5
Zebra,38
Digital camera,6
Nordic combined,42
Diagram,7
Road junction,35
Mustang,13
Model,7
Law enforcement,16
Aircraft cabin,47
Coast,20
Controlled-access highway,13
Portrait photography,6
Outer space,14
Tribe,11
Macro photography,6
Bicycle wheel,8
Skyscraper,37
Cocktail dress,19
Yellow,15
Train,27
Portable communications device,34
Mid-size car,13
Truck,13
Blazer,13
Business jet,47
Hubcap,29
Terrain,11
Singing,5
Temple Fade,44
Zipper,12
Banknote,43
Comfort food,10
Rejoicing,2
Perfume,19
Torso,12
Thor,42
Map,11
Serveware,49
Child,9
School uniform,22
Monochrome photography,6
Liquor,43
News,2
Netbook,49
Wire,4
Court,39
Suit trousers,22
Gown,19
Digital compositing,49
Melon,38
Bicycles--Equipment and supplies,46
Air force,47
Buffalo burger,25
Music venue,5
Dessert,10
Hair care,23
Skin Care,44
Bowl cut,32
Aerospace Engineering,47
Mechanic,13
Air travel,47
Lynxes,38
Environmental art,37
Stage,5
Salsa,25
Official residence,35
Lace wig,23
Bow tie,28
Ball game,45
Minivan,13
Highway,13
Sports Uniform,45
Extinction,38
Skateboard Deck,18
Industry,2
Portrait,6
Lava,26
Cityscape,35
Artisan,7
Still life photography,6
Television,2
Shorebirds,20
Bird's-eye view,6
Professional Boxer,45
Sock,22
Cake,17
Coat,12
Vehicle,13
Sign,39
Abdomen,27
Free Weight Bar,27
Dawn,33
Mascara,44
Hamburger,25
Security,39
Symbol,15
Skate shoe,22
Mobile phone,34
Television studio,5
Cave,11
Lunch,10
Flightless bird,47
Hymenopterans,38
Cape,35
Afterglow,11
Kiss,3
Thumb,36
Balance,26
Ice rink,30
Beard,23
Dairy product,48
Garage door,13
Boardsport,18
atmospheric phenomenon,40
Palette,15
Basketball player,45
Comics,16
Aviation,47
California-style pizza,10
Pollution,26
Indoor games and sports,45
Seabird,20
Passenger,13
Race car,13
Fluid,26
Valley,11
Fruit,10
Tradesman,16
Love,2
Ski helmet,44
Heart,3
Baked Alaska,17
Striking combat sports,45
Food,10
Electronic device,34
Triangle,39
Film,2
Presentation,7
Bread,10
Personal luxury car,13
Technology,49
Tar,28
Chair,18
Figurine,9
Outdoor Structure,37
Doughnut,17
Premiere,39
Comfort,28
Wine,43
Shoe,22
Concert dance,5
Celestial event,14
Eyewear,44
Flooring,18
General aviation,47
Sun tanning,4
Astronomical object,14
Verrine,38
Gift wrapping,19
Walking,22
Carbon fibers,18
Circus,41
Factory,13
Illustration,7
Party Supply,43
Vegetarian cuisine,25
Bodybuilder,27
Wind,40
Television presenter,16
Wind wave,40
Poster,7
Tool,3
Scale model,7
Camera lens,6
Guitar,5
Compact MPV,13
Vertebrate,21
Official,39
Gravel,26
Beauty,3
Baseball field,30
Red hair,23
Penguin,42
Microphone,5
Agriculturist,18
Cutlery,28
Planet,14
Camera,6
Hip,27
Endurance racing,45
Scrap,18
Full moon,14
Visual Effect Lighting,4
Makeover,19
Eyelash,23
Puppy,24
Layered hair,23
Plastic,28
Design,7
Performing Arts,5
Performance,49
Cooking,10
Sports car racing,45
Brass,28
Rocket,9
Branch,39
Security lighting,4
Computer hardware,49
Web page,49
Football,45
Mountain,11
Eye liner,44
Bangs,40
Finger,36
Hime cut,32
Airline,47
Bathing,20
Cheddar cheese,48
Chin,3
Bouffant,29
Swimsuit Bottom,20
Tradition,2
Necktie,23
Farm,21
Modern dance,5
Underwater,20
Art Paper,7
Dog Clothes,1
Easter Bunny,9
Anime,2
Cocoa solids,18
Jacket,12
Exercise,27
Supernatural creature,38
Moon,14
Basketball,45
Head,44
Hemp,26
Police officer,16
Sketch,7
Comic book,16
Paddy field,30
Arthropod,38
Meeting,2
Leporids,38
Trousers,22
Undergarment,28
Flight,47
Beehive,31
Armour,12
Tooth,3
Urban design,37
Collection,39
Nap,33
Photographer,6
Heavy equipment,46
Straw,43
Automotive Side-View Mirror,13
Bovinae,38
Soldier,16
Folk instrument,5
Bed,33
Santa Claus,42
Ridge,11
Aerial photography,6
White-collar worker,16
Shooter game,39
Thunderstorm,40
Fictional character,16
Sports car,13
Traffic collision,13
Yoga pants,22
Arena,39
Sedan,13
Football player,45
Sign language,36
Laughter,31
Aquarium,20
Chef,10
Software,49
Vision Care,6
Crowd,39
Tuxedo,19
Chute,0
